"statistikkmål","yrke","sektor","kjønn","avtalt/vanlig arbeidstid per uke","Månedslønn (kr) 2019"
"Gjennomsnitt","0110 Offiserer fra fenrik og høyere grad","Sum alle sektorer","Begge kjønn","I alt",63990
"Gjennomsnitt","0210 Befal med sersjant grad","Sum alle sektorer","Begge kjønn","I alt",46810
"Gjennomsnitt","0310 Menige","Sum alle sektorer","Begge kjønn","I alt",:
"Gjennomsnitt","1111 Politikere","Sum alle sektorer","Begge kjønn","I alt",68410
"Gjennomsnitt","1112 Toppledere i offentlig administrasjon","Sum alle sektorer","Begge kjønn","I alt",97940
"Gjennomsnitt","1114 Toppledere i interesseorganisasjoner","Sum alle sektorer","Begge kjønn","I alt",62890
"Gjennomsnitt","1120 Administrerende direktører","Sum alle sektorer","Begge kjønn","I alt",80250
"Gjennomsnitt","1211 Finans- og økonomisjefer","Sum alle sektorer","Begge kjønn","I alt",87420
"Gjennomsnitt","1212 Personalsjefer","Sum alle sektorer","Begge kjønn","I alt",79420
"Gjennomsnitt","1213 Strategi- og planleggingssjefer","Sum alle sektorer","Begge kjønn","I alt",64280
"Gjennomsnitt","1219 Andre administrative ledere","Sum alle sektorer","Begge kjønn","I alt",68440
"Gjennomsnitt","1221 Salgs- og markedssjefer","Sum alle sektorer","Begge kjønn","I alt",75600
"Gjennomsnitt","1222 PR- og informasjonssjefer","Sum alle sektorer","Begge kjønn","I alt",67920
"Gjennomsnitt","1223 Forsknings- og utviklingsledere","Sum alle sektorer","Begge kjønn","I alt",81720
"Gjennomsnitt","1311 Ledere i skogbruk, gartnerier mv.","Sum alle sektorer","Begge kjønn","I alt",56790
"Gjennomsnitt","1312 Ledere innen akvakultur mv.","Sum alle sektorer","Begge kjønn","I alt",68880
"Gjennomsnitt","1321 Ledere av industriproduksjon mv.","Sum alle sektorer","Begge kjønn","I alt",71030
"Gjennomsnitt","1322 Ledere av olje- og gassutvinning mv.","Sum alle sektorer","Begge kjønn","I alt",112040
"Gjennomsnitt","1323 Ledere av bygge- og anleggsvirksomhet","Sum alle sektorer","Begge kjønn","I alt",61540
"Gjennomsnitt","1324 Ledere av logistikk og transport mv.","Sum alle sektorer","Begge kjønn","I alt",66470
"Gjennomsnitt","1330 Ledere av IKT-enheter","Sum alle sektorer","Begge kjønn","I alt",78320
"Gjennomsnitt","1341 Ledere av omsorgstjenester for barn","Sum alle sektorer","Begge kjønn","I alt",53430
"Gjennomsnitt","1342 Ledere av helsetjenester","Sum alle sektorer","Begge kjønn","I alt",63280
"Gjennomsnitt","1343 Ledere av eldreomsorg","Sum alle sektorer","Begge kjønn","I alt",58800
"Gjennomsnitt","1344 Ledere av sosialomsorg","Sum alle sektorer","Begge kjønn","I alt",56130
"Gjennomsnitt","1345 Ledere av utdanning og undervisning","Sum alle sektorer","Begge kjønn","I alt",59800
"Gjennomsnitt","1346 Ledere av forsikring og finansvirksomhet","Sum alle sektorer","Begge kjønn","I alt",95160
"Gjennomsnitt","1349 Andre ledere av produksjon og tjenesteyting","Sum alle sektorer","Begge kjønn","I alt",70160
"Gjennomsnitt","1411 Hotellsjefer","Sum alle sektorer","Begge kjønn","I alt",48930
"Gjennomsnitt","1412 Restaurantsjefer","Sum alle sektorer","Begge kjønn","I alt",41780
"Gjennomsnitt","1420 Varehandelssjefer","Sum alle sektorer","Begge kjønn","I alt",49360
"Gjennomsnitt","1431 Sports-, rekreasjons- og kultursenterledere","Sum alle sektorer","Begge kjønn","I alt",52640
"Gjennomsnitt","1439 Andre daglige ledere i tjenesteytende virksomheter","Sum alle sektorer","Begge kjønn","I alt",51100
"Gjennomsnitt","2111 Fysikere og astronomer","Sum alle sektorer","Begge kjønn","I alt",62070
"Gjennomsnitt","2112 Meteorologer","Sum alle sektorer","Begge kjønn","I alt",52810
"Gjennomsnitt","2113 Kjemikere","Sum alle sektorer","Begge kjønn","I alt",67030
"Gjennomsnitt","2114 Geologer og geofysikere","Sum alle sektorer","Begge kjønn","I alt",86560
"Gjennomsnitt","2120 Matematikere, statistikere mv.","Sum alle sektorer","Begge kjønn","I alt",55780
"Gjennomsnitt","2131 Biologer, botanikere, zoologer mv.","Sum alle sektorer","Begge kjønn","I alt",57960
"Gjennomsnitt","2132 Sivilagronomer mv.","Sum alle sektorer","Begge kjønn","I alt",54550
"Gjennomsnitt","2133 Miljøvernrådgivere","Sum alle sektorer","Begge kjønn","I alt",53740
"Gjennomsnitt","2141 Sivilingeniører (industri og produksjon)","Sum alle sektorer","Begge kjønn","I alt",59180
"Gjennomsnitt","2142 Sivilingeniører (bygg og anlegg)","Sum alle sektorer","Begge kjønn","I alt",64350
"Gjennomsnitt","2143 Sivilingeniører (miljøteknikk)","Sum alle sektorer","Begge kjønn","I alt",61000
"Gjennomsnitt","2144 Sivilingeniører (maskin- og marin-teknikk)","Sum alle sektorer","Begge kjønn","I alt",69330
"Gjennomsnitt","2145 Sivilingeniører (kjemi)","Sum alle sektorer","Begge kjønn","I alt",64470
"Gjennomsnitt","2146 Sivilingeniører (geofag, petro-leumsteknologi, metallurgi mv.)","Sum alle sektorer","Begge kjønn","I alt",81570
"Gjennomsnitt","2149 Andre sivilingeniører (unntatt elektroteknologi)","Sum alle sektorer","Begge kjønn","I alt",69250
"Gjennomsnitt","2151 Sivilingeniører (elkraftteknikk)","Sum alle sektorer","Begge kjønn","I alt",71750
"Gjennomsnitt","2152 Sivilingeniører (elektronikk)","Sum alle sektorer","Begge kjønn","I alt",69180
"Gjennomsnitt","2153 Sivilingeniører (telekommunikasjon)","Sum alle sektorer","Begge kjønn","I alt",59870
"Gjennomsnitt","2161 Sivilarkitekter","Sum alle sektorer","Begge kjønn","I alt",60690
"Gjennomsnitt","2162 Landskapsarkitekter","Sum alle sektorer","Begge kjønn","I alt",59330
"Gjennomsnitt","2163 Produkt- og klesdesignere","Sum alle sektorer","Begge kjønn","I alt",51820
"Gjennomsnitt","2164 Arealplanleggere","Sum alle sektorer","Begge kjønn","I alt",54840
"Gjennomsnitt","2165 Landmålere, kartografer mv.","Sum alle sektorer","Begge kjønn","I alt",52130
"Gjennomsnitt","2166 Grafiske- og multimediadesignere","Sum alle sektorer","Begge kjønn","I alt",46890
"Gjennomsnitt","2211 Allmennpraktiserende leger","Sum alle sektorer","Begge kjønn","I alt",70410
"Gjennomsnitt","2212 Legespesialister","Sum alle sektorer","Begge kjønn","I alt",85180
"Gjennomsnitt","2221 Spesialsykepleiere","Sum alle sektorer","Begge kjønn","I alt",50110
"Gjennomsnitt","2222 Jordmødre","Sum alle sektorer","Begge kjønn","I alt",53420
"Gjennomsnitt","2223 Sykepleiere","Sum alle sektorer","Begge kjønn","I alt",46810
"Gjennomsnitt","2224 Vernepleiere","Sum alle sektorer","Begge kjønn","I alt",45550
"Gjennomsnitt","2250 Veterinærer","Sum alle sektorer","Begge kjønn","I alt",53320
"Gjennomsnitt","2261 Tannleger","Sum alle sektorer","Begge kjønn","I alt",64900
"Gjennomsnitt","2262 Farmasøyter","Sum alle sektorer","Begge kjønn","I alt",59170
"Gjennomsnitt","2263 Helse- og miljørådgivere","Sum alle sektorer","Begge kjønn","I alt",:
"Gjennomsnitt","2264 Fysioterapeuter","Sum alle sektorer","Begge kjønn","I alt",43040
"Gjennomsnitt","2265 Ernæringsfysiologer","Sum alle sektorer","Begge kjønn","I alt",50650
"Gjennomsnitt","2266 Audiografer og logopeder","Sum alle sektorer","Begge kjønn","I alt",42770
"Gjennomsnitt","2267 Ergoterapeuter","Sum alle sektorer","Begge kjønn","I alt",41910
"Gjennomsnitt","2269 Kiropraktorer mv.","Sum alle sektorer","Begge kjønn","I alt",51210
"Gjennomsnitt","2310 Universitets- og høyskolelektorer/-lærere","Sum alle sektorer","Begge kjønn","I alt",51530
"Gjennomsnitt","2320 Yrkesfaglærere","Sum alle sektorer","Begge kjønn","I alt",46310
"Gjennomsnitt","2330 Lektorer mv. (videregående skole)","Sum alle sektorer","Begge kjønn","I alt",49730
"Gjennomsnitt","2341 Grunnskolelærere","Sum alle sektorer","Begge kjønn","I alt",46220
"Gjennomsnitt","2342 Førskolelærere","Sum alle sektorer","Begge kjønn","I alt",41160
"Gjennomsnitt","2351 Spesialister i pedagogikk","Sum alle sektorer","Begge kjønn","I alt",50860
"Gjennomsnitt","2352 Spesiallærere / spesialpedagoger","Sum alle sektorer","Begge kjønn","I alt",45510
"Gjennomsnitt","2353 Andre språklærere","Sum alle sektorer","Begge kjønn","I alt",41880
"Gjennomsnitt","2354 Andre musikklærere","Sum alle sektorer","Begge kjønn","I alt",45240
"Gjennomsnitt","2355 Andre lærere i estetiske fag","Sum alle sektorer","Begge kjønn","I alt",38740
"Gjennomsnitt","2356 Andre IKT-lærere","Sum alle sektorer","Begge kjønn","I alt",:
"Gjennomsnitt","2359 Andre lærere","Sum alle sektorer","Begge kjønn","I alt",47870
"Gjennomsnitt","2411 Revisorer, regnskapsrådgivere","Sum alle sektorer","Begge kjønn","I alt",60190
"Gjennomsnitt","2412 Finans- og investeringsrådgivere","Sum alle sektorer","Begge kjønn","I alt",64820
"Gjennomsnitt","2413 Finansanalytikere","Sum alle sektorer","Begge kjønn","I alt",64300
"Gjennomsnitt","2421 Organisasjonsrådgivere mv.","Sum alle sektorer","Begge kjønn","I alt",54500
"Gjennomsnitt","2422 Høyere saksbehandlere i offentlig og privat virksomhet","Sum alle sektorer","Begge kjønn","I alt",50130
"Gjennomsnitt","2423 Personal- og karriererådgivere","Sum alle sektorer","Begge kjønn","I alt",55750
"Gjennomsnitt","2424 Rådgivere innen kompetanseutvikling","Sum alle sektorer","Begge kjønn","I alt",56700
"Gjennomsnitt","2431 Reklame- og markedsføringsrådgivere","Sum alle sektorer","Begge kjønn","I alt",51940
"Gjennomsnitt","2432 Informasjonsrådgivere","Sum alle sektorer","Begge kjønn","I alt",51820
"Gjennomsnitt","2433 Salgskonsulenter innen tekniske og medisinske produkter","Sum alle sektorer","Begge kjønn","I alt",63820
"Gjennomsnitt","2434 Salgskonsulenter innen IKT-produkter","Sum alle sektorer","Begge kjønn","I alt",62510
"Gjennomsnitt","2511 Systemanalytikere/-arkitekter","Sum alle sektorer","Begge kjønn","I alt",63400
"Gjennomsnitt","2512 Programvareutviklere","Sum alle sektorer","Begge kjønn","I alt",60030
"Gjennomsnitt","2513 Nett- og multimediautviklere","Sum alle sektorer","Begge kjønn","I alt",49960
"Gjennomsnitt","2514 Applikasjonsprogrammerere","Sum alle sektorer","Begge kjønn","I alt",55350
"Gjennomsnitt","2519 Andre programvare- og applikasjonsutviklere","Sum alle sektorer","Begge kjønn","I alt",60290
"Gjennomsnitt","2521 Databasedesignere og -administratorer","Sum alle sektorer","Begge kjønn","I alt",58630
"Gjennomsnitt","2522 Systemadministratorer","Sum alle sektorer","Begge kjønn","I alt",55280
"Gjennomsnitt","2523 Nettverksansvarlige","Sum alle sektorer","Begge kjønn","I alt",:
"Gjennomsnitt","2529 Sikkerhetsanalytikere mv.","Sum alle sektorer","Begge kjønn","I alt",61560
"Gjennomsnitt","2611 Jurister og advokater","Sum alle sektorer","Begge kjønn","I alt",68830
"Gjennomsnitt","2612 Dommere","Sum alle sektorer","Begge kjønn","I alt",81290
"Gjennomsnitt","2619 Andre juridiske yrker","Sum alle sektorer","Begge kjønn","I alt",62210
"Gjennomsnitt","2621 Arkivarer og kuratorer","Sum alle sektorer","Begge kjønn","I alt",45170
"Gjennomsnitt","2622 Bibliotekarer og andre informasjonsarbeidere","Sum alle sektorer","Begge kjønn","I alt",42680
"Gjennomsnitt","2631 Rådgivere/forskere, samfunnsøkonomi","Sum alle sektorer","Begge kjønn","I alt",66130
"Gjennomsnitt","2632 Rådgivere/forskere, samfunnsvitenskap","Sum alle sektorer","Begge kjønn","I alt",57860
"Gjennomsnitt","2633 Rådgivere/forskere, humanistiske fag","Sum alle sektorer","Begge kjønn","I alt",44790
"Gjennomsnitt","2634 Psykologer","Sum alle sektorer","Begge kjønn","I alt",54510
"Gjennomsnitt","2635 Rådgivere innen sosiale fagfelt","Sum alle sektorer","Begge kjønn","I alt",44410
"Gjennomsnitt","2636 Geistlige yrker","Sum alle sektorer","Begge kjønn","I alt",51880
"Gjennomsnitt","2641 Forfattere mv.","Sum alle sektorer","Begge kjønn","I alt",54120
"Gjennomsnitt","2642 Journalister","Sum alle sektorer","Begge kjønn","I alt",52260
"Gjennomsnitt","2643 Oversettere, tolker mv.","Sum alle sektorer","Begge kjønn","I alt",42800
"Gjennomsnitt","2651 Skulptører, kunstmalere og andre billedkunstnere","Sum alle sektorer","Begge kjønn","I alt",42950
"Gjennomsnitt","2652 Dirigenter, komponister, musikere og sangere","Sum alle sektorer","Begge kjønn","I alt",47970
"Gjennomsnitt","2653 Koreografer og dansere","Sum alle sektorer","Begge kjønn","I alt",43030
"Gjennomsnitt","2654 Regissører","Sum alle sektorer","Begge kjønn","I alt",52640
"Gjennomsnitt","2655 Skuespillere","Sum alle sektorer","Begge kjønn","I alt",43900
"Gjennomsnitt","2656 Programledere i TV og radio","Sum alle sektorer","Begge kjønn","I alt",53260
"Gjennomsnitt","2659 Andre utøvende kunstneriske yrker","Sum alle sektorer","Begge kjønn","I alt",43030
"Gjennomsnitt","3112 Bygningsingeniører","Sum alle sektorer","Begge kjønn","I alt",54590
"Gjennomsnitt","3113 Elkraftingeniører","Sum alle sektorer","Begge kjønn","I alt",58890
"Gjennomsnitt","3114 Elektronikkingeniører","Sum alle sektorer","Begge kjønn","I alt",58260
"Gjennomsnitt","3115 Maskiningeniører","Sum alle sektorer","Begge kjønn","I alt",54600
"Gjennomsnitt","3116 Kjemiingeniører","Sum alle sektorer","Begge kjønn","I alt",58360
"Gjennomsnitt","3117 Ingeniører innen petroleum, bergverk og metallurgi","Sum alle sektorer","Begge kjønn","I alt",71840
"Gjennomsnitt","3118 Tekniske tegnere","Sum alle sektorer","Begge kjønn","I alt",50270
"Gjennomsnitt","3119 Andre ingeniører","Sum alle sektorer","Begge kjønn","I alt",56490
"Gjennomsnitt","3121 Arbeidsleder, bergfag","Sum alle sektorer","Begge kjønn","I alt",56590
"Gjennomsnitt","3122 Arbeidsleder, industri","Sum alle sektorer","Begge kjønn","I alt",48140
"Gjennomsnitt","3123 Arbeidsleder, bygg og anlegg","Sum alle sektorer","Begge kjønn","I alt",53290
"Gjennomsnitt","3131 Energikontrolloperatører","Sum alle sektorer","Begge kjønn","I alt",55740
"Gjennomsnitt","3132 Kontrolloperatører ved forbrennings- kjøle- og vannrenseanlegg mv.","Sum alle sektorer","Begge kjønn","I alt",:
"Gjennomsnitt","3133 Kontrolloperatører innen kjemisk prosessindustri","Sum alle sektorer","Begge kjønn","I alt",52480
"Gjennomsnitt","3134 Kontrolloperatører ved olje- og naturgassraffineringsanlegg","Sum alle sektorer","Begge kjønn","I alt",69850
"Gjennomsnitt","3135 Kontrolloperatører innen metallproduksjon","Sum alle sektorer","Begge kjønn","I alt",47150
"Gjennomsnitt","3139 Andre prosesskontrolloperatører","Sum alle sektorer","Begge kjønn","I alt",:
"Gjennomsnitt","3141 Bioteknikere (ikke-medisinske laboratorier)","Sum alle sektorer","Begge kjønn","I alt",41550
"Gjennomsnitt","3142 Agroteknikere","Sum alle sektorer","Begge kjønn","I alt",45830
"Gjennomsnitt","3143 Skogteknikere","Sum alle sektorer","Begge kjønn","I alt",46750
"Gjennomsnitt","3151 Skipsmaskinister","Sum alle sektorer","Begge kjønn","I alt",65070
"Gjennomsnitt","3152 Dekksoffiserer og loser","Sum alle sektorer","Begge kjønn","I alt",64140
"Gjennomsnitt","3153 Flygere","Sum alle sektorer","Begge kjønn","I alt",90190
"Gjennomsnitt","3154 Flygeledere","Sum alle sektorer","Begge kjønn","I alt",86980
"Gjennomsnitt","3155 Teknikere innen luftfartssikkerhet","Sum alle sektorer","Begge kjønn","I alt",63530
"Gjennomsnitt","3211 Radiografer mv.","Sum alle sektorer","Begge kjønn","I alt",44840
"Gjennomsnitt","3212 Bioingeniører","Sum alle sektorer","Begge kjønn","I alt",43100
"Gjennomsnitt","3213 Reseptarer","Sum alle sektorer","Begge kjønn","I alt",43060
"Gjennomsnitt","3214 Protese- og tannteknikere","Sum alle sektorer","Begge kjønn","I alt",45150
"Gjennomsnitt","3230 Yrker innen alternativ medisin","Sum alle sektorer","Begge kjønn","I alt",42190
"Gjennomsnitt","3240 Dyrepleiere","Sum alle sektorer","Begge kjønn","I alt",32500
"Gjennomsnitt","3251 Tannpleiere","Sum alle sektorer","Begge kjønn","I alt",41790
"Gjennomsnitt","3254 Optikere","Sum alle sektorer","Begge kjønn","I alt",46330
"Gjennomsnitt","3256 Helsesekretærer","Sum alle sektorer","Begge kjønn","I alt",35680
"Gjennomsnitt","3257 Helse- og miljøkontrollører","Sum alle sektorer","Begge kjønn","I alt",58430
"Gjennomsnitt","3258 Ambulansepersonell","Sum alle sektorer","Begge kjønn","I alt",43230
"Gjennomsnitt","3259 Andre helseyrker","Sum alle sektorer","Begge kjønn","I alt",41390
"Gjennomsnitt","3311 Finansmeglere","Sum alle sektorer","Begge kjønn","I alt",99630
"Gjennomsnitt","3312 Kundebehandlere lån og kreditt","Sum alle sektorer","Begge kjønn","I alt",55850
"Gjennomsnitt","3313 Regnskapsførere","Sum alle sektorer","Begge kjønn","I alt",50430
"Gjennomsnitt","3315 Takstmenn","Sum alle sektorer","Begge kjønn","I alt",49820
"Gjennomsnitt","3321 Forsikringsagenter","Sum alle sektorer","Begge kjønn","I alt",57360
"Gjennomsnitt","3322 Selgere (engros)","Sum alle sektorer","Begge kjønn","I alt",53440
"Gjennomsnitt","3323 Innkjøpere","Sum alle sektorer","Begge kjønn","I alt",51970
"Gjennomsnitt","3324 Handels- og skipsmeglere","Sum alle sektorer","Begge kjønn","I alt",111190
"Gjennomsnitt","3331 Speditører og befraktere","Sum alle sektorer","Begge kjønn","I alt",47890
"Gjennomsnitt","3332 Konferanse- og arrangementsplanleggere mv.","Sum alle sektorer","Begge kjønn","I alt",50890
"Gjennomsnitt","3333 Arbeidsformidlere","Sum alle sektorer","Begge kjønn","I alt",42160
"Gjennomsnitt","3334 Eiendomsmeglere og - forvaltere","Sum alle sektorer","Begge kjønn","I alt",65970
"Gjennomsnitt","3339 Andre yrker innen forretningstjenester","Sum alle sektorer","Begge kjønn","I alt",:
"Gjennomsnitt","3341 Arbeidsledere for kontorpersonell","Sum alle sektorer","Begge kjønn","I alt",55620
"Gjennomsnitt","3342 Advokatsekretær","Sum alle sektorer","Begge kjønn","I alt",43210
"Gjennomsnitt","3343 Sjefssekretærer","Sum alle sektorer","Begge kjønn","I alt",48250
"Gjennomsnitt","3351 Tollere","Sum alle sektorer","Begge kjønn","I alt",41870
"Gjennomsnitt","3352 Skattefunksjonærer","Sum alle sektorer","Begge kjønn","I alt",41110
"Gjennomsnitt","3353 Saksbehandlere innen sosiale ytelser","Sum alle sektorer","Begge kjønn","I alt",39070
"Gjennomsnitt","3354 Saksbehandlere for førerkort, importlisenser mv.","Sum alle sektorer","Begge kjønn","I alt",:
"Gjennomsnitt","3355 Politibetjenter mv.","Sum alle sektorer","Begge kjønn","I alt",51530
"Gjennomsnitt","3359 Andre yrker innen offentlig forvaltning","Sum alle sektorer","Begge kjønn","I alt",42450
"Gjennomsnitt","3411 Privatetterforskere mv.","Sum alle sektorer","Begge kjønn","I alt",:
"Gjennomsnitt","3412 Miljøarbeidere innen sosiale fagfelt","Sum alle sektorer","Begge kjønn","I alt",42780
"Gjennomsnitt","3413 Religiøse yrker","Sum alle sektorer","Begge kjønn","I alt",39950
"Gjennomsnitt","3421 Idrettsutøvere","Sum alle sektorer","Begge kjønn","I alt",45100
"Gjennomsnitt","3422 Trenere og idrettsdommere","Sum alle sektorer","Begge kjønn","I alt",41840
"Gjennomsnitt","3423 Sports- og aktivitetsinstruktører","Sum alle sektorer","Begge kjønn","I alt",35880
"Gjennomsnitt","3431 Fotografer og filmfotografer","Sum alle sektorer","Begge kjønn","I alt",43130
"Gjennomsnitt","3432 Interiørdesignere og dekoratører","Sum alle sektorer","Begge kjønn","I alt",41630
"Gjennomsnitt","3433 Tekniske konservatorer","Sum alle sektorer","Begge kjønn","I alt",39040
"Gjennomsnitt","3434 Sjefskokker","Sum alle sektorer","Begge kjønn","I alt",37810
"Gjennomsnitt","3439 Andre yrker innen estetiske fag","Sum alle sektorer","Begge kjønn","I alt",45330
"Gjennomsnitt","3511 Driftsteknikere, IKT","Sum alle sektorer","Begge kjønn","I alt",52420
"Gjennomsnitt","3512 Brukerstøtte, IKT","Sum alle sektorer","Begge kjønn","I alt",46270
"Gjennomsnitt","3513 Nettverks- og systemteknikere, IKT","Sum alle sektorer","Begge kjønn","I alt",56500
"Gjennomsnitt","3514 Internett-teknikere","Sum alle sektorer","Begge kjønn","I alt",54190
"Gjennomsnitt","3521 Teknikere innen radio og tv","Sum alle sektorer","Begge kjønn","I alt",45910
"Gjennomsnitt","3522 Teknikere innen telekom","Sum alle sektorer","Begge kjønn","I alt",42250
"Gjennomsnitt","4110 Kontormedarbeidere","Sum alle sektorer","Begge kjønn","I alt",39880
"Gjennomsnitt","4131 Stenografer mv.","Sum alle sektorer","Begge kjønn","I alt",:
"Gjennomsnitt","4132 Dataregistrere","Sum alle sektorer","Begge kjønn","I alt",44600
"Gjennomsnitt","4211 Kundebehandlere, bank og postkontor","Sum alle sektorer","Begge kjønn","I alt",38620
"Gjennomsnitt","4212 Bingoverter, bookmakere mv.","Sum alle sektorer","Begge kjønn","I alt",31310
"Gjennomsnitt","4213 Pantelånere mv.","Sum alle sektorer","Begge kjønn","I alt",:
"Gjennomsnitt","4214 Inkassomedarbeidere mv.","Sum alle sektorer","Begge kjønn","I alt",41520
"Gjennomsnitt","4221 Reisebyråmedarbeidere mv.","Sum alle sektorer","Begge kjønn","I alt",39730
"Gjennomsnitt","4222 Kundesentermedarbeidere","Sum alle sektorer","Begge kjønn","I alt",38620
"Gjennomsnitt","4223 Sentralbordoperatører","Sum alle sektorer","Begge kjønn","I alt",36530
"Gjennomsnitt","4224 Hotellresepsjonister","Sum alle sektorer","Begge kjønn","I alt",30550
"Gjennomsnitt","4225 Informasjonsskrankemedarbeidere","Sum alle sektorer","Begge kjønn","I alt",38080
"Gjennomsnitt","4226 Resepsjonister (ekskl. hotell)","Sum alle sektorer","Begge kjønn","I alt",36230
"Gjennomsnitt","4227 Intervjuere","Sum alle sektorer","Begge kjønn","I alt",30050
"Gjennomsnitt","4229 Andre opplysningsmedarbeidere","Sum alle sektorer","Begge kjønn","I alt",39730
"Gjennomsnitt","4311 Regnskapsmedarbeidere","Sum alle sektorer","Begge kjønn","I alt",44330
"Gjennomsnitt","4312 Forsikrings- og finansmedarbeidere","Sum alle sektorer","Begge kjønn","I alt",43870
"Gjennomsnitt","4313 Lønningsmedarbeidere","Sum alle sektorer","Begge kjønn","I alt",45180
"Gjennomsnitt","4321 Lagermedarbeidere og material-forvaltere","Sum alle sektorer","Begge kjønn","I alt",39120
"Gjennomsnitt","4322 Logistikkmedarbeidere","Sum alle sektorer","Begge kjønn","I alt",45460
"Gjennomsnitt","4323 Transportfunksjonærer","Sum alle sektorer","Begge kjønn","I alt",41800
"Gjennomsnitt","4411 Bibliotekassistenter","Sum alle sektorer","Begge kjønn","I alt",37630
"Gjennomsnitt","4412 Postbud og postsorterere","Sum alle sektorer","Begge kjønn","I alt",36190
"Gjennomsnitt","4413 Kodere mv.","Sum alle sektorer","Begge kjønn","I alt",:
"Gjennomsnitt","4415 Arkivassistenter","Sum alle sektorer","Begge kjønn","I alt",41310
"Gjennomsnitt","4416 Personalkontormedarbeidere","Sum alle sektorer","Begge kjønn","I alt",47850
"Gjennomsnitt","5111 Flyverter, båtverter mv.","Sum alle sektorer","Begge kjønn","I alt",36730
"Gjennomsnitt","5112 Konduktører","Sum alle sektorer","Begge kjønn","I alt",49870
"Gjennomsnitt","5113 Reiseledere og guider","Sum alle sektorer","Begge kjønn","I alt",32500
"Gjennomsnitt","5120 Kokker","Sum alle sektorer","Begge kjønn","I alt",34200
"Gjennomsnitt","5131 Servitører","Sum alle sektorer","Begge kjønn","I alt",29800
"Gjennomsnitt","5132 Bartendere","Sum alle sektorer","Begge kjønn","I alt",29820
"Gjennomsnitt","5141 Frisører","Sum alle sektorer","Begge kjønn","I alt",31200
"Gjennomsnitt","5142 Kosmetologer mv.","Sum alle sektorer","Begge kjønn","I alt",33480
"Gjennomsnitt","5151 Renholdsledere i virksomheter","Sum alle sektorer","Begge kjønn","I alt",38320
"Gjennomsnitt","5152 Husholdere","Sum alle sektorer","Begge kjønn","I alt",40430
"Gjennomsnitt","5153 Vaktmestre","Sum alle sektorer","Begge kjønn","I alt",38670
"Gjennomsnitt","5161 Astrologer mv.","Sum alle sektorer","Begge kjønn","I alt",:
"Gjennomsnitt","5163 Begravelsesbyrå- og krematoriearbeidere","Sum alle sektorer","Begge kjønn","I alt",43350
"Gjennomsnitt","5164 Dyrepassere og - trenere mv.","Sum alle sektorer","Begge kjønn","I alt",30830
"Gjennomsnitt","5165 Kjøreskolelærere","Sum alle sektorer","Begge kjønn","I alt",44460
"Gjennomsnitt","5169 Andre personlige tjenesteytere","Sum alle sektorer","Begge kjønn","I alt",38720
"Gjennomsnitt","5211 Torghandlere","Sum alle sektorer","Begge kjønn","I alt",42630
"Gjennomsnitt","5212 Gateselgere, mat","Sum alle sektorer","Begge kjønn","I alt",26860
"Gjennomsnitt","5221 Innehavere av kiosk/liten butikk","Sum alle sektorer","Begge kjønn","I alt",36900
"Gjennomsnitt","5222 Butikkavdelingssjefer","Sum alle sektorer","Begge kjønn","I alt",39900
"Gjennomsnitt","5223 Butikkmedarbeidere","Sum alle sektorer","Begge kjønn","I alt",32540
"Gjennomsnitt","5230 Billettselgere","Sum alle sektorer","Begge kjønn","I alt",37880
"Gjennomsnitt","5241 Mannekenger og modeller","Sum alle sektorer","Begge kjønn","I alt",:
"Gjennomsnitt","5242 Demonstrasjonsselgere","Sum alle sektorer","Begge kjønn","I alt",38600
"Gjennomsnitt","5243 Dørselgere","Sum alle sektorer","Begge kjønn","I alt",40770
"Gjennomsnitt","5244 Telefon- og nettselgere","Sum alle sektorer","Begge kjønn","I alt",38170
"Gjennomsnitt","5245 Servicemedarbeidere (bensinstasjon)","Sum alle sektorer","Begge kjønn","I alt",30820
"Gjennomsnitt","5246 Gatekjøkken- og kafémedarbeidere mv.","Sum alle sektorer","Begge kjønn","I alt",28980
"Gjennomsnitt","5249 Andre salgsmedarbeidere","Sum alle sektorer","Begge kjønn","I alt",36890
"Gjennomsnitt","5311 Barnehage- og skolefritidsassistenter mv.","Sum alle sektorer","Begge kjønn","I alt",32920
"Gjennomsnitt","5312 Skoleassistenter","Sum alle sektorer","Begge kjønn","I alt",32780
"Gjennomsnitt","5321 Helsefagarbeidere","Sum alle sektorer","Begge kjønn","I alt",40240
"Gjennomsnitt","5322 Hjemmehjelper","Sum alle sektorer","Begge kjønn","I alt",34540
"Gjennomsnitt","5329 Andre pleiemedarbeidere","Sum alle sektorer","Begge kjønn","I alt",35930
"Gjennomsnitt","5411 Brannkonstabler","Sum alle sektorer","Begge kjønn","I alt",50360
"Gjennomsnitt","5413 Fengselsbetjenter","Sum alle sektorer","Begge kjønn","I alt",42310
"Gjennomsnitt","5414 Vektere","Sum alle sektorer","Begge kjønn","I alt",36440
"Gjennomsnitt","5419 Andre sikkerhetsarbeidere","Sum alle sektorer","Begge kjønn","I alt",32810
"Gjennomsnitt","6111 Korn- og grønnsaksprodusenter","Sum alle sektorer","Begge kjønn","I alt",31920
"Gjennomsnitt","6112 Frukt- og bærprodusenter","Sum alle sektorer","Begge kjønn","I alt",:
"Gjennomsnitt","6113 Gartnere","Sum alle sektorer","Begge kjønn","I alt",32530
"Gjennomsnitt","6114 Kombinasjonsbrukere, nyttevekster","Sum alle sektorer","Begge kjønn","I alt",.
"Gjennomsnitt","6121 Melke- og husdyrprodusenter","Sum alle sektorer","Begge kjønn","I alt",30090
"Gjennomsnitt","6122 Egg- og fjærfeprodusenter","Sum alle sektorer","Begge kjønn","I alt",32040
"Gjennomsnitt","6123 Birøktere mv.","Sum alle sektorer","Begge kjønn","I alt",:
"Gjennomsnitt","6129 Andre dyreoppdrettere og røktere","Sum alle sektorer","Begge kjønn","I alt",:
"Gjennomsnitt","6130 Plante- og husdyrprodusenter (kombinasjonsbruk)","Sum alle sektorer","Begge kjønn","I alt",29000
"Gjennomsnitt","6210 Skogbrukere","Sum alle sektorer","Begge kjønn","I alt",34770
"Gjennomsnitt","6221 Havbruksarbeidere","Sum alle sektorer","Begge kjønn","I alt",44970
"Gjennomsnitt","6222 Fiskere","Sum alle sektorer","Begge kjønn","I alt",38820
"Gjennomsnitt","6224 Fangstfolk","Sum alle sektorer","Begge kjønn","I alt",37750
"Gjennomsnitt","7112 Murere","Sum alle sektorer","Begge kjønn","I alt",38180
"Gjennomsnitt","7113 Steinhoggere mv.","Sum alle sektorer","Begge kjønn","I alt",39760
"Gjennomsnitt","7114 Betongarbeidere","Sum alle sektorer","Begge kjønn","I alt",41240
"Gjennomsnitt","7115 Tømrere og snekkere","Sum alle sektorer","Begge kjønn","I alt",36830
"Gjennomsnitt","7119 Andre bygningsarbeidere","Sum alle sektorer","Begge kjønn","I alt",37190
"Gjennomsnitt","7121 Taktekkere","Sum alle sektorer","Begge kjønn","I alt",38330
"Gjennomsnitt","7122 Gulv- og flisleggere","Sum alle sektorer","Begge kjønn","I alt",38400
"Gjennomsnitt","7123 Gips- og sparklingsarbeidere","Sum alle sektorer","Begge kjønn","I alt",:
"Gjennomsnitt","7124 Isolatører mv.","Sum alle sektorer","Begge kjønn","I alt",38680
"Gjennomsnitt","7125 Glassarbeidere","Sum alle sektorer","Begge kjønn","I alt",37570
"Gjennomsnitt","7126 Rørleggere og VVS-montører","Sum alle sektorer","Begge kjønn","I alt",41110
"Gjennomsnitt","7127 Kuldemontører mv.","Sum alle sektorer","Begge kjønn","I alt",43930
"Gjennomsnitt","7131 Malere og byggtapetserere","Sum alle sektorer","Begge kjønn","I alt",36630
"Gjennomsnitt","7132 Overflatebehandlere og lakkerere","Sum alle sektorer","Begge kjønn","I alt",37930
"Gjennomsnitt","7133 Feiere, fasaderenholdere mv.","Sum alle sektorer","Begge kjønn","I alt",37570
"Gjennomsnitt","7211 Støpere","Sum alle sektorer","Begge kjønn","I alt",39360
"Gjennomsnitt","7212 Sveisere","Sum alle sektorer","Begge kjønn","I alt",39630
"Gjennomsnitt","7213 Kopper- og blikkenslagere","Sum alle sektorer","Begge kjønn","I alt",38260
"Gjennomsnitt","7214 Platearbeidere","Sum alle sektorer","Begge kjønn","I alt",37950
"Gjennomsnitt","7215 Riggere og spleisere","Sum alle sektorer","Begge kjønn","I alt",43890
"Gjennomsnitt","7221 Smeder","Sum alle sektorer","Begge kjønn","I alt",38280
"Gjennomsnitt","7222 Verktøymaker, låsesmeder mv.","Sum alle sektorer","Begge kjønn","I alt",41100
"Gjennomsnitt","7223 Metalldreiere mv.","Sum alle sektorer","Begge kjønn","I alt",38250
"Gjennomsnitt","7224 Metallslipere","Sum alle sektorer","Begge kjønn","I alt",:
"Gjennomsnitt","7231 Bilmekanikere","Sum alle sektorer","Begge kjønn","I alt",37580
"Gjennomsnitt","7232 Mekanikere innen flytekniske fag","Sum alle sektorer","Begge kjønn","I alt",55440
"Gjennomsnitt","7233 Anleggsmaskin- og industrimekanikere","Sum alle sektorer","Begge kjønn","I alt",42300
"Gjennomsnitt","7234 Sykkelreparatører mv.","Sum alle sektorer","Begge kjønn","I alt",32270
"Gjennomsnitt","7311 Presisjonsinstrumentmakere og -reparatører","Sum alle sektorer","Begge kjønn","I alt",44930
"Gjennomsnitt","7312 Musikkinstrumentmakere og -stemmere","Sum alle sektorer","Begge kjønn","I alt",:
"Gjennomsnitt","7313 Gull- og sølvsmeder, gravører mv.","Sum alle sektorer","Begge kjønn","I alt",36900
"Gjennomsnitt","7314 Keramikere mv.","Sum alle sektorer","Begge kjønn","I alt",:
"Gjennomsnitt","7315 Glasshåndverkere","Sum alle sektorer","Begge kjønn","I alt",:
"Gjennomsnitt","7316 Dekormalere mv.","Sum alle sektorer","Begge kjønn","I alt",:
"Gjennomsnitt","7317 Kunsthåndverkere i tre mv.","Sum alle sektorer","Begge kjønn","I alt",:
"Gjennomsnitt","7318 Vevere, strikkere mv. (innen husflidsproduksjon)","Sum alle sektorer","Begge kjønn","I alt",34240
"Gjennomsnitt","7319 Andre kunsthåndverkere","Sum alle sektorer","Begge kjønn","I alt",36370
"Gjennomsnitt","7321 Førtrykkere","Sum alle sektorer","Begge kjønn","I alt",39960
"Gjennomsnitt","7322 Trykkere","Sum alle sektorer","Begge kjønn","I alt",37830
"Gjennomsnitt","7323 Innbindere mv.","Sum alle sektorer","Begge kjønn","I alt",33180
"Gjennomsnitt","7411 Elektrikere","Sum alle sektorer","Begge kjønn","I alt",41870
"Gjennomsnitt","7412 Automatikere","Sum alle sektorer","Begge kjønn","I alt",47360
"Gjennomsnitt","7413 Energimontører","Sum alle sektorer","Begge kjønn","I alt",42240
"Gjennomsnitt","7421 Serviceelektronikere","Sum alle sektorer","Begge kjønn","I alt",42930
"Gjennomsnitt","7422 Tele- og IKT-installatører","Sum alle sektorer","Begge kjønn","I alt",35930
"Gjennomsnitt","7511 Slaktere, fiskehandlere mv.","Sum alle sektorer","Begge kjønn","I alt",35870
"Gjennomsnitt","7512 Bakere, konditorer mv.","Sum alle sektorer","Begge kjønn","I alt",35020
"Gjennomsnitt","7513 Ystere mv. (gårdsproduksjon)","Sum alle sektorer","Begge kjønn","I alt",:
"Gjennomsnitt","7514 Saftere, syltere mv. (gårdsproduksjon)","Sum alle sektorer","Begge kjønn","I alt",:
"Gjennomsnitt","7515 Prøvesmakere og kvalitetsbedømmere av mat og drikke","Sum alle sektorer","Begge kjønn","I alt",:
"Gjennomsnitt","7522 Møbelsnekkere","Sum alle sektorer","Begge kjønn","I alt",35680
"Gjennomsnitt","7531 Skreddere, buntmakere mv.","Sum alle sektorer","Begge kjønn","I alt",37410
"Gjennomsnitt","7532 Gradører","Sum alle sektorer","Begge kjønn","I alt",:
"Gjennomsnitt","7534 Møbeltapetserere mv.","Sum alle sektorer","Begge kjønn","I alt",37330
"Gjennomsnitt","7535 Skinnberedere og garvere","Sum alle sektorer","Begge kjønn","I alt",38020
"Gjennomsnitt","7536 Skomakere","Sum alle sektorer","Begge kjønn","I alt",:
"Gjennomsnitt","7541 Yrkesdykkere","Sum alle sektorer","Begge kjønn","I alt",47990
"Gjennomsnitt","7542 Skytebaser og sprengningsarbeidere","Sum alle sektorer","Begge kjønn","I alt",54100
"Gjennomsnitt","7543 Produkttestere (ikke matprodukter)","Sum alle sektorer","Begge kjønn","I alt",:
"Gjennomsnitt","7544 Desinfeksjonsarbeidere og skadedyrbekjempere","Sum alle sektorer","Begge kjønn","I alt",41220
"Gjennomsnitt","7549 Andre håndverkere","Sum alle sektorer","Begge kjønn","I alt",31920
"Gjennomsnitt","8111 Bergfagarbeidere","Sum alle sektorer","Begge kjønn","I alt",41970
"Gjennomsnitt","8112 Prosessoperatører (oppredning)","Sum alle sektorer","Begge kjønn","I alt",49900
"Gjennomsnitt","8113 Operatører innen boring mv.","Sum alle sektorer","Begge kjønn","I alt",62290
"Gjennomsnitt","8114 Operatører innen produksjon av betong mv.","Sum alle sektorer","Begge kjønn","I alt",38360
"Gjennomsnitt","8121 Operatører innen metallurgiske prosessfag","Sum alle sektorer","Begge kjønn","I alt",38900
"Gjennomsnitt","8122 Operatører innen metallflatebehandling","Sum alle sektorer","Begge kjønn","I alt",.
"Gjennomsnitt","8131 Operatører innen kjemisk industri","Sum alle sektorer","Begge kjønn","I alt",44830
"Gjennomsnitt","8132 Operatører innen produksjon av fotofilm og -papir mv.","Sum alle sektorer","Begge kjønn","I alt",:
"Gjennomsnitt","8141 Operatører innen produksjon av gummiprodukter","Sum alle sektorer","Begge kjønn","I alt",38050
"Gjennomsnitt","8142 Operatører innen plastprodukter","Sum alle sektorer","Begge kjønn","I alt",36840
"Gjennomsnitt","8143 Operatører innen papirprodukter","Sum alle sektorer","Begge kjønn","I alt",34200
"Gjennomsnitt","8151 Spinne- og nøstemaskinoperatører","Sum alle sektorer","Begge kjønn","I alt",33150
"Gjennomsnitt","8152 Operatører innen tekstilproduksjon mv.","Sum alle sektorer","Begge kjønn","I alt",36260
"Gjennomsnitt","8153 Industrisyere","Sum alle sektorer","Begge kjønn","I alt",33620
"Gjennomsnitt","8154 Operatører innen tekstilbearbeiding","Sum alle sektorer","Begge kjønn","I alt",:
"Gjennomsnitt","8155 Operatører innen pels, skinn- og lærbearbeiding","Sum alle sektorer","Begge kjønn","I alt",.
"Gjennomsnitt","8156 Operatører innen skinn og lærprodukter","Sum alle sektorer","Begge kjønn","I alt",:
"Gjennomsnitt","8157 Renseri- og vaskerimaskinoperatører","Sum alle sektorer","Begge kjønn","I alt",32150
"Gjennomsnitt","8159 Andre operatører innen produksjon av tekstiler, pels, skinn og lær","Sum alle sektorer","Begge kjønn","I alt",.
"Gjennomsnitt","8160 Operatører innen næringsmiddelproduksjon","Sum alle sektorer","Begge kjønn","I alt",36070
"Gjennomsnitt","8171 Operatører innen treforedling","Sum alle sektorer","Begge kjønn","I alt",36340
"Gjennomsnitt","8172 Operatører innen trelastproduksjon","Sum alle sektorer","Begge kjønn","I alt",35140
"Gjennomsnitt","8181 Operatører innen glass- og keramisk produksjon","Sum alle sektorer","Begge kjønn","I alt",37390
"Gjennomsnitt","8182 Fyrkjele- og turbinoperatører","Sum alle sektorer","Begge kjønn","I alt",43190
"Gjennomsnitt","8183 Pakke-, tappe- og etikettmaskinoperatører","Sum alle sektorer","Begge kjønn","I alt",39450
"Gjennomsnitt","8189 Andre stasjonære maskinoperatører","Sum alle sektorer","Begge kjønn","I alt",.
"Gjennomsnitt","8211 Montører av mekaniske produkter","Sum alle sektorer","Begge kjønn","I alt",39640
"Gjennomsnitt","8212 Montører av elektriske og elektroniske produkter","Sum alle sektorer","Begge kjønn","I alt",39620
"Gjennomsnitt","8219 Andre montører","Sum alle sektorer","Begge kjønn","I alt",:
"Gjennomsnitt","8311 Lokomotiv og T-baneførere","Sum alle sektorer","Begge kjønn","I alt",56780
"Gjennomsnitt","8312 Skiftekonduktører mv","Sum alle sektorer","Begge kjønn","I alt",50280
"Gjennomsnitt","8322 Bil-, drosje- og varebilførere","Sum alle sektorer","Begge kjønn","I alt",33980
"Gjennomsnitt","8331 Bussjåfører og trikkeførere","Sum alle sektorer","Begge kjønn","I alt",36690
"Gjennomsnitt","8332 Lastebil- og trailersjåfører","Sum alle sektorer","Begge kjønn","I alt",37540
"Gjennomsnitt","8341 Jordbruks- og skogbruksmaskinførere","Sum alle sektorer","Begge kjønn","I alt",37050
"Gjennomsnitt","8342 Anleggsmaskinførere","Sum alle sektorer","Begge kjønn","I alt",40950
"Gjennomsnitt","8343 Kran- og heisførere mv.","Sum alle sektorer","Begge kjønn","I alt",43760
"Gjennomsnitt","8344 Truckførere","Sum alle sektorer","Begge kjønn","I alt",37070
"Gjennomsnitt","8350 Dekks- og maskinmannskap (skip)","Sum alle sektorer","Begge kjønn","I alt",43010
"Gjennomsnitt","9111 Renholdere i private hjem","Sum alle sektorer","Begge kjønn","I alt",31650
"Gjennomsnitt","9112 Renholdere i virksomheter","Sum alle sektorer","Begge kjønn","I alt",33080
"Gjennomsnitt","9122 Bilvaskere","Sum alle sektorer","Begge kjønn","I alt",31940
"Gjennomsnitt","9123 Vinduspussere","Sum alle sektorer","Begge kjønn","I alt",:
"Gjennomsnitt","9129 Andre rengjørere","Sum alle sektorer","Begge kjønn","I alt",:
"Gjennomsnitt","9211 Hjelpearbeidere i nyttevekstproduksjon","Sum alle sektorer","Begge kjønn","I alt",26830
"Gjennomsnitt","9212 Hjelpearbeidere i husdyrproduksjon","Sum alle sektorer","Begge kjønn","I alt",26230
"Gjennomsnitt","9213 Hjelpearbeidere i kombinasjonsbruk","Sum alle sektorer","Begge kjønn","I alt",28170
"Gjennomsnitt","9214 Hjelpearbeidere i gartneri mv.","Sum alle sektorer","Begge kjønn","I alt",31130
"Gjennomsnitt","9215 Hjelpearbeidere i skogbruk","Sum alle sektorer","Begge kjønn","I alt",:
"Gjennomsnitt","9216 Hjelpearbeidere innen havbruk","Sum alle sektorer","Begge kjønn","I alt",:
"Gjennomsnitt","9311 Hjelpearbeidere i bergverk","Sum alle sektorer","Begge kjønn","I alt",:
"Gjennomsnitt","9312 Hjelpearbeidere i anlegg","Sum alle sektorer","Begge kjønn","I alt",37340
"Gjennomsnitt","9313 Hjelpearbeidere i bygg","Sum alle sektorer","Begge kjønn","I alt",33780
"Gjennomsnitt","9321 Håndpakkere mv.","Sum alle sektorer","Begge kjønn","I alt",35670
"Gjennomsnitt","9329 Andre hjelpearbeidere i industri","Sum alle sektorer","Begge kjønn","I alt",36950
"Gjennomsnitt","9331 Førere av ikke-motorisert kjøretøy","Sum alle sektorer","Begge kjønn","I alt",.
"Gjennomsnitt","9333 Laste- og lossearbeidere","Sum alle sektorer","Begge kjønn","I alt",35920
"Gjennomsnitt","9334 Varepåfyllere","Sum alle sektorer","Begge kjønn","I alt",31780
"Gjennomsnitt","9412 Kjøkkenassistenter","Sum alle sektorer","Begge kjønn","I alt",29970
"Gjennomsnitt","9510 Reklamedistributører mv.","Sum alle sektorer","Begge kjønn","I alt",34730
"Gjennomsnitt","9611 Renovasjonsarbeidere","Sum alle sektorer","Begge kjønn","I alt",36250
"Gjennomsnitt","9612 Gjenvinningsarbeidere","Sum alle sektorer","Begge kjønn","I alt",33910
"Gjennomsnitt","9613 Gatefeiere mv.","Sum alle sektorer","Begge kjønn","I alt",:
"Gjennomsnitt","9621 Bud mv.","Sum alle sektorer","Begge kjønn","I alt",32040
"Gjennomsnitt","9622 Altmuligmann","Sum alle sektorer","Begge kjønn","I alt",33120
"Gjennomsnitt","9623 Måleravlesere mv.","Sum alle sektorer","Begge kjønn","I alt",35830
"Gjennomsnitt","9629 Andre hjelpearbeidere","Sum alle sektorer","Begge kjønn","I alt",31250
"Median","0110 Offiserer fra fenrik og høyere grad","Sum alle sektorer","Begge kjønn","I alt",59200
"Median","0210 Befal med sersjant grad","Sum alle sektorer","Begge kjønn","I alt",43240
"Median","0310 Menige","Sum alle sektorer","Begge kjønn","I alt",:
"Median","1111 Politikere","Sum alle sektorer","Begge kjønn","I alt",69390
"Median","1112 Toppledere i offentlig administrasjon","Sum alle sektorer","Begge kjønn","I alt",93750
"Median","1114 Toppledere i interesseorganisasjoner","Sum alle sektorer","Begge kjønn","I alt",58330
"Median","1120 Administrerende direktører","Sum alle sektorer","Begge kjønn","I alt",62500
"Median","1211 Finans- og økonomisjefer","Sum alle sektorer","Begge kjønn","I alt",75000
"Median","1212 Personalsjefer","Sum alle sektorer","Begge kjønn","I alt",72100
"Median","1213 Strategi- og planleggingssjefer","Sum alle sektorer","Begge kjønn","I alt",58960
"Median","1219 Andre administrative ledere","Sum alle sektorer","Begge kjønn","I alt",62070
"Median","1221 Salgs- og markedssjefer","Sum alle sektorer","Begge kjønn","I alt",69770
"Median","1222 PR- og informasjonssjefer","Sum alle sektorer","Begge kjønn","I alt",62940
"Median","1223 Forsknings- og utviklingsledere","Sum alle sektorer","Begge kjønn","I alt",76340
"Median","1311 Ledere i skogbruk, gartnerier mv.","Sum alle sektorer","Begge kjønn","I alt",51960
"Median","1312 Ledere innen akvakultur mv.","Sum alle sektorer","Begge kjønn","I alt",65570
"Median","1321 Ledere av industriproduksjon mv.","Sum alle sektorer","Begge kjønn","I alt",63910
"Median","1322 Ledere av olje- og gassutvinning mv.","Sum alle sektorer","Begge kjønn","I alt",98150
"Median","1323 Ledere av bygge- og anleggsvirksomhet","Sum alle sektorer","Begge kjønn","I alt",55820
"Median","1324 Ledere av logistikk og transport mv.","Sum alle sektorer","Begge kjønn","I alt",60000
"Median","1330 Ledere av IKT-enheter","Sum alle sektorer","Begge kjønn","I alt",72670
"Median","1341 Ledere av omsorgstjenester for barn","Sum alle sektorer","Begge kjønn","I alt",52670
"Median","1342 Ledere av helsetjenester","Sum alle sektorer","Begge kjønn","I alt",55730
"Median","1343 Ledere av eldreomsorg","Sum alle sektorer","Begge kjønn","I alt",58170
"Median","1344 Ledere av sosialomsorg","Sum alle sektorer","Begge kjønn","I alt",52410
"Median","1345 Ledere av utdanning og undervisning","Sum alle sektorer","Begge kjønn","I alt",58830
"Median","1346 Ledere av forsikring og finansvirksomhet","Sum alle sektorer","Begge kjønn","I alt",82670
"Median","1349 Andre ledere av produksjon og tjenesteyting","Sum alle sektorer","Begge kjønn","I alt",64580
"Median","1411 Hotellsjefer","Sum alle sektorer","Begge kjønn","I alt",44570
"Median","1412 Restaurantsjefer","Sum alle sektorer","Begge kjønn","I alt",40000
"Median","1420 Varehandelssjefer","Sum alle sektorer","Begge kjønn","I alt",43260
"Median","1431 Sports-, rekreasjons- og kultursenterledere","Sum alle sektorer","Begge kjønn","I alt",48930
"Median","1439 Andre daglige ledere i tjenesteytende virksomheter","Sum alle sektorer","Begge kjønn","I alt",45000
"Median","2111 Fysikere og astronomer","Sum alle sektorer","Begge kjønn","I alt",59070
"Median","2112 Meteorologer","Sum alle sektorer","Begge kjønn","I alt",52280
"Median","2113 Kjemikere","Sum alle sektorer","Begge kjønn","I alt",62500
"Median","2114 Geologer og geofysikere","Sum alle sektorer","Begge kjønn","I alt",76150
"Median","2120 Matematikere, statistikere mv.","Sum alle sektorer","Begge kjønn","I alt",51290
"Median","2131 Biologer, botanikere, zoologer mv.","Sum alle sektorer","Begge kjønn","I alt",55580
"Median","2132 Sivilagronomer mv.","Sum alle sektorer","Begge kjønn","I alt",52610
"Median","2133 Miljøvernrådgivere","Sum alle sektorer","Begge kjønn","I alt",48540
"Median","2141 Sivilingeniører (industri og produksjon)","Sum alle sektorer","Begge kjønn","I alt",53320
"Median","2142 Sivilingeniører (bygg og anlegg)","Sum alle sektorer","Begge kjønn","I alt",59390
"Median","2143 Sivilingeniører (miljøteknikk)","Sum alle sektorer","Begge kjønn","I alt",56630
"Median","2144 Sivilingeniører (maskin- og marin-teknikk)","Sum alle sektorer","Begge kjønn","I alt",66760
"Median","2145 Sivilingeniører (kjemi)","Sum alle sektorer","Begge kjønn","I alt",58740
"Median","2146 Sivilingeniører (geofag, petro-leumsteknologi, metallurgi mv.)","Sum alle sektorer","Begge kjønn","I alt",79570
"Median","2149 Andre sivilingeniører (unntatt elektroteknologi)","Sum alle sektorer","Begge kjønn","I alt",64570
"Median","2151 Sivilingeniører (elkraftteknikk)","Sum alle sektorer","Begge kjønn","I alt",68670
"Median","2152 Sivilingeniører (elektronikk)","Sum alle sektorer","Begge kjønn","I alt",65820
"Median","2153 Sivilingeniører (telekommunikasjon)","Sum alle sektorer","Begge kjønn","I alt",57950
"Median","2161 Sivilarkitekter","Sum alle sektorer","Begge kjønn","I alt",58760
"Median","2162 Landskapsarkitekter","Sum alle sektorer","Begge kjønn","I alt",57820
"Median","2163 Produkt- og klesdesignere","Sum alle sektorer","Begge kjønn","I alt",50000
"Median","2164 Arealplanleggere","Sum alle sektorer","Begge kjønn","I alt",51640
"Median","2165 Landmålere, kartografer mv.","Sum alle sektorer","Begge kjønn","I alt",50830
"Median","2166 Grafiske- og multimediadesignere","Sum alle sektorer","Begge kjønn","I alt",44830
"Median","2211 Allmennpraktiserende leger","Sum alle sektorer","Begge kjønn","I alt",64560
"Median","2212 Legespesialister","Sum alle sektorer","Begge kjønn","I alt",83200
"Median","2221 Spesialsykepleiere","Sum alle sektorer","Begge kjønn","I alt",49830
"Median","2222 Jordmødre","Sum alle sektorer","Begge kjønn","I alt",53110
"Median","2223 Sykepleiere","Sum alle sektorer","Begge kjønn","I alt",46700
"Median","2224 Vernepleiere","Sum alle sektorer","Begge kjønn","I alt",45640
"Median","2250 Veterinærer","Sum alle sektorer","Begge kjønn","I alt",50640
"Median","2261 Tannleger","Sum alle sektorer","Begge kjønn","I alt",60000
"Median","2262 Farmasøyter","Sum alle sektorer","Begge kjønn","I alt",56670
"Median","2263 Helse- og miljørådgivere","Sum alle sektorer","Begge kjønn","I alt",:
"Median","2264 Fysioterapeuter","Sum alle sektorer","Begge kjønn","I alt",43610
"Median","2265 Ernæringsfysiologer","Sum alle sektorer","Begge kjønn","I alt",48030
"Median","2266 Audiografer og logopeder","Sum alle sektorer","Begge kjønn","I alt",41670
"Median","2267 Ergoterapeuter","Sum alle sektorer","Begge kjønn","I alt",42500
"Median","2269 Kiropraktorer mv.","Sum alle sektorer","Begge kjønn","I alt",50000
"Median","2310 Universitets- og høyskolelektorer/-lærere","Sum alle sektorer","Begge kjønn","I alt",50000
"Median","2320 Yrkesfaglærere","Sum alle sektorer","Begge kjønn","I alt",46280
"Median","2330 Lektorer mv. (videregående skole)","Sum alle sektorer","Begge kjønn","I alt",49600
"Median","2341 Grunnskolelærere","Sum alle sektorer","Begge kjønn","I alt",46760
"Median","2342 Førskolelærere","Sum alle sektorer","Begge kjønn","I alt",41910
"Median","2351 Spesialister i pedagogikk","Sum alle sektorer","Begge kjønn","I alt",52770
"Median","2352 Spesiallærere / spesialpedagoger","Sum alle sektorer","Begge kjønn","I alt",45320
"Median","2353 Andre språklærere","Sum alle sektorer","Begge kjønn","I alt",40590
"Median","2354 Andre musikklærere","Sum alle sektorer","Begge kjønn","I alt",45610
"Median","2355 Andre lærere i estetiske fag","Sum alle sektorer","Begge kjønn","I alt",38080
"Median","2356 Andre IKT-lærere","Sum alle sektorer","Begge kjønn","I alt",:
"Median","2359 Andre lærere","Sum alle sektorer","Begge kjønn","I alt",45160
"Median","2411 Revisorer, regnskapsrådgivere","Sum alle sektorer","Begge kjønn","I alt",55200
"Median","2412 Finans- og investeringsrådgivere","Sum alle sektorer","Begge kjønn","I alt",57230
"Median","2413 Finansanalytikere","Sum alle sektorer","Begge kjønn","I alt",58320
"Median","2421 Organisasjonsrådgivere mv.","Sum alle sektorer","Begge kjønn","I alt",48250
"Median","2422 Høyere saksbehandlere i offentlig og privat virksomhet","Sum alle sektorer","Begge kjønn","I alt",47730
"Median","2423 Personal- og karriererådgivere","Sum alle sektorer","Begge kjønn","I alt",51200
"Median","2424 Rådgivere innen kompetanseutvikling","Sum alle sektorer","Begge kjønn","I alt",51450
"Median","2431 Reklame- og markedsføringsrådgivere","Sum alle sektorer","Begge kjønn","I alt",47770
"Median","2432 Informasjonsrådgivere","Sum alle sektorer","Begge kjønn","I alt",48660
"Median","2433 Salgskonsulenter innen tekniske og medisinske produkter","Sum alle sektorer","Begge kjønn","I alt",61020
"Median","2434 Salgskonsulenter innen IKT-produkter","Sum alle sektorer","Begge kjønn","I alt",60010
"Median","2511 Systemanalytikere/-arkitekter","Sum alle sektorer","Begge kjønn","I alt",60620
"Median","2512 Programvareutviklere","Sum alle sektorer","Begge kjønn","I alt",57920
"Median","2513 Nett- og multimediautviklere","Sum alle sektorer","Begge kjønn","I alt",47500
"Median","2514 Applikasjonsprogrammerere","Sum alle sektorer","Begge kjønn","I alt",54580
"Median","2519 Andre programvare- og applikasjonsutviklere","Sum alle sektorer","Begge kjønn","I alt",56880
"Median","2521 Databasedesignere og -administratorer","Sum alle sektorer","Begge kjønn","I alt",56570
"Median","2522 Systemadministratorer","Sum alle sektorer","Begge kjønn","I alt",51360
"Median","2523 Nettverksansvarlige","Sum alle sektorer","Begge kjønn","I alt",:
"Median","2529 Sikkerhetsanalytikere mv.","Sum alle sektorer","Begge kjønn","I alt",58650
"Median","2611 Jurister og advokater","Sum alle sektorer","Begge kjønn","I alt",61380
"Median","2612 Dommere","Sum alle sektorer","Begge kjønn","I alt",95670
"Median","2619 Andre juridiske yrker","Sum alle sektorer","Begge kjønn","I alt",54130
"Median","2621 Arkivarer og kuratorer","Sum alle sektorer","Begge kjønn","I alt",45370
"Median","2622 Bibliotekarer og andre informasjonsarbeidere","Sum alle sektorer","Begge kjønn","I alt",42620
"Median","2631 Rådgivere/forskere, samfunnsøkonomi","Sum alle sektorer","Begge kjønn","I alt",56280
"Median","2632 Rådgivere/forskere, samfunnsvitenskap","Sum alle sektorer","Begge kjønn","I alt",55570
"Median","2633 Rådgivere/forskere, humanistiske fag","Sum alle sektorer","Begge kjønn","I alt",43720
"Median","2634 Psykologer","Sum alle sektorer","Begge kjønn","I alt",52020
"Median","2635 Rådgivere innen sosiale fagfelt","Sum alle sektorer","Begge kjønn","I alt",44210
"Median","2636 Geistlige yrker","Sum alle sektorer","Begge kjønn","I alt",52620
"Median","2641 Forfattere mv.","Sum alle sektorer","Begge kjønn","I alt",52900
"Median","2642 Journalister","Sum alle sektorer","Begge kjønn","I alt",50500
"Median","2643 Oversettere, tolker mv.","Sum alle sektorer","Begge kjønn","I alt",40910
"Median","2651 Skulptører, kunstmalere og andre billedkunstnere","Sum alle sektorer","Begge kjønn","I alt",40590
"Median","2652 Dirigenter, komponister, musikere og sangere","Sum alle sektorer","Begge kjønn","I alt",49300
"Median","2653 Koreografer og dansere","Sum alle sektorer","Begge kjønn","I alt",44170
"Median","2654 Regissører","Sum alle sektorer","Begge kjønn","I alt",50000
"Median","2655 Skuespillere","Sum alle sektorer","Begge kjønn","I alt",43680
"Median","2656 Programledere i TV og radio","Sum alle sektorer","Begge kjønn","I alt",48500
"Median","2659 Andre utøvende kunstneriske yrker","Sum alle sektorer","Begge kjønn","I alt",39950
"Median","3112 Bygningsingeniører","Sum alle sektorer","Begge kjønn","I alt",51210
"Median","3113 Elkraftingeniører","Sum alle sektorer","Begge kjønn","I alt",56430
"Median","3114 Elektronikkingeniører","Sum alle sektorer","Begge kjønn","I alt",55140
"Median","3115 Maskiningeniører","Sum alle sektorer","Begge kjønn","I alt",51640
"Median","3116 Kjemiingeniører","Sum alle sektorer","Begge kjønn","I alt",54170
"Median","3117 Ingeniører innen petroleum, bergverk og metallurgi","Sum alle sektorer","Begge kjønn","I alt",64650
"Median","3118 Tekniske tegnere","Sum alle sektorer","Begge kjønn","I alt",48220
"Median","3119 Andre ingeniører","Sum alle sektorer","Begge kjønn","I alt",53470
"Median","3121 Arbeidsleder, bergfag","Sum alle sektorer","Begge kjønn","I alt",55680
"Median","3122 Arbeidsleder, industri","Sum alle sektorer","Begge kjønn","I alt",46770
"Median","3123 Arbeidsleder, bygg og anlegg","Sum alle sektorer","Begge kjønn","I alt",51620
"Median","3131 Energikontrolloperatører","Sum alle sektorer","Begge kjønn","I alt",52860
"Median","3132 Kontrolloperatører ved forbrennings- kjøle- og vannrenseanlegg mv.","Sum alle sektorer","Begge kjønn","I alt",:
"Median","3133 Kontrolloperatører innen kjemisk prosessindustri","Sum alle sektorer","Begge kjønn","I alt",51810
"Median","3134 Kontrolloperatører ved olje- og naturgassraffineringsanlegg","Sum alle sektorer","Begge kjønn","I alt",61360
"Median","3135 Kontrolloperatører innen metallproduksjon","Sum alle sektorer","Begge kjønn","I alt",45670
"Median","3139 Andre prosesskontrolloperatører","Sum alle sektorer","Begge kjønn","I alt",:
"Median","3141 Bioteknikere (ikke-medisinske laboratorier)","Sum alle sektorer","Begge kjønn","I alt",39990
"Median","3142 Agroteknikere","Sum alle sektorer","Begge kjønn","I alt",44460
"Median","3143 Skogteknikere","Sum alle sektorer","Begge kjønn","I alt",45650
"Median","3151 Skipsmaskinister","Sum alle sektorer","Begge kjønn","I alt",63730
"Median","3152 Dekksoffiserer og loser","Sum alle sektorer","Begge kjønn","I alt",62450
"Median","3153 Flygere","Sum alle sektorer","Begge kjønn","I alt",91920
"Median","3154 Flygeledere","Sum alle sektorer","Begge kjønn","I alt",88550
"Median","3155 Teknikere innen luftfartssikkerhet","Sum alle sektorer","Begge kjønn","I alt",65370
"Median","3211 Radiografer mv.","Sum alle sektorer","Begge kjønn","I alt",45010
"Median","3212 Bioingeniører","Sum alle sektorer","Begge kjønn","I alt",42770
"Median","3213 Reseptarer","Sum alle sektorer","Begge kjønn","I alt",42960
"Median","3214 Protese- og tannteknikere","Sum alle sektorer","Begge kjønn","I alt",43330
"Median","3230 Yrker innen alternativ medisin","Sum alle sektorer","Begge kjønn","I alt",41670
"Median","3240 Dyrepleiere","Sum alle sektorer","Begge kjønn","I alt",31040
"Median","3251 Tannpleiere","Sum alle sektorer","Begge kjønn","I alt",42080
"Median","3254 Optikere","Sum alle sektorer","Begge kjønn","I alt",45000
"Median","3256 Helsesekretærer","Sum alle sektorer","Begge kjønn","I alt",35810
"Median","3257 Helse- og miljøkontrollører","Sum alle sektorer","Begge kjønn","I alt",51170
"Median","3258 Ambulansepersonell","Sum alle sektorer","Begge kjønn","I alt",44950
"Median","3259 Andre helseyrker","Sum alle sektorer","Begge kjønn","I alt",40260
"Median","3311 Finansmeglere","Sum alle sektorer","Begge kjønn","I alt",71390
"Median","3312 Kundebehandlere lån og kreditt","Sum alle sektorer","Begge kjønn","I alt",48560
"Median","3313 Regnskapsførere","Sum alle sektorer","Begge kjønn","I alt",46980
"Median","3315 Takstmenn","Sum alle sektorer","Begge kjønn","I alt",46830
"Median","3321 Forsikringsagenter","Sum alle sektorer","Begge kjønn","I alt",50660
"Median","3322 Selgere (engros)","Sum alle sektorer","Begge kjønn","I alt",49290
"Median","3323 Innkjøpere","Sum alle sektorer","Begge kjønn","I alt",49070
"Median","3324 Handels- og skipsmeglere","Sum alle sektorer","Begge kjønn","I alt",75000
"Median","3331 Speditører og befraktere","Sum alle sektorer","Begge kjønn","I alt",43730
"Median","3332 Konferanse- og arrangementsplanleggere mv.","Sum alle sektorer","Begge kjønn","I alt",45000
"Median","3333 Arbeidsformidlere","Sum alle sektorer","Begge kjønn","I alt",38050
"Median","3334 Eiendomsmeglere og - forvaltere","Sum alle sektorer","Begge kjønn","I alt",55670
"Median","3339 Andre yrker innen forretningstjenester","Sum alle sektorer","Begge kjønn","I alt",:
"Median","3341 Arbeidsledere for kontorpersonell","Sum alle sektorer","Begge kjønn","I alt",51080
"Median","3342 Advokatsekretær","Sum alle sektorer","Begge kjønn","I alt",42150
"Median","3343 Sjefssekretærer","Sum alle sektorer","Begge kjønn","I alt",44130
"Median","3351 Tollere","Sum alle sektorer","Begge kjønn","I alt",41340
"Median","3352 Skattefunksjonærer","Sum alle sektorer","Begge kjønn","I alt",39930
"Median","3353 Saksbehandlere innen sosiale ytelser","Sum alle sektorer","Begge kjønn","I alt",39300
"Median","3354 Saksbehandlere for førerkort, importlisenser mv.","Sum alle sektorer","Begge kjønn","I alt",:
"Median","3355 Politibetjenter mv.","Sum alle sektorer","Begge kjønn","I alt",50830
"Median","3359 Andre yrker innen offentlig forvaltning","Sum alle sektorer","Begge kjønn","I alt",41310
"Median","3411 Privatetterforskere mv.","Sum alle sektorer","Begge kjønn","I alt",:
"Median","3412 Miljøarbeidere innen sosiale fagfelt","Sum alle sektorer","Begge kjønn","I alt",42440
"Median","3413 Religiøse yrker","Sum alle sektorer","Begge kjønn","I alt",39990
"Median","3421 Idrettsutøvere","Sum alle sektorer","Begge kjønn","I alt",35720
"Median","3422 Trenere og idrettsdommere","Sum alle sektorer","Begge kjønn","I alt",40000
"Median","3423 Sports- og aktivitetsinstruktører","Sum alle sektorer","Begge kjønn","I alt",34100
"Median","3431 Fotografer og filmfotografer","Sum alle sektorer","Begge kjønn","I alt",41670
"Median","3432 Interiørdesignere og dekoratører","Sum alle sektorer","Begge kjønn","I alt",37440
"Median","3433 Tekniske konservatorer","Sum alle sektorer","Begge kjønn","I alt",40330
"Median","3434 Sjefskokker","Sum alle sektorer","Begge kjønn","I alt",37000
"Median","3439 Andre yrker innen estetiske fag","Sum alle sektorer","Begge kjønn","I alt",42950
"Median","3511 Driftsteknikere, IKT","Sum alle sektorer","Begge kjønn","I alt",49300
"Median","3512 Brukerstøtte, IKT","Sum alle sektorer","Begge kjønn","I alt",43130
"Median","3513 Nettverks- og systemteknikere, IKT","Sum alle sektorer","Begge kjønn","I alt",54520
"Median","3514 Internett-teknikere","Sum alle sektorer","Begge kjønn","I alt",51000
"Median","3521 Teknikere innen radio og tv","Sum alle sektorer","Begge kjønn","I alt",44630
"Median","3522 Teknikere innen telekom","Sum alle sektorer","Begge kjønn","I alt",38290
"Median","4110 Kontormedarbeidere","Sum alle sektorer","Begge kjønn","I alt",38260
"Median","4131 Stenografer mv.","Sum alle sektorer","Begge kjønn","I alt",:
"Median","4132 Dataregistrere","Sum alle sektorer","Begge kjønn","I alt",42130
"Median","4211 Kundebehandlere, bank og postkontor","Sum alle sektorer","Begge kjønn","I alt",37780
"Median","4212 Bingoverter, bookmakere mv.","Sum alle sektorer","Begge kjønn","I alt",30060
"Median","4213 Pantelånere mv.","Sum alle sektorer","Begge kjønn","I alt",:
"Median","4214 Inkassomedarbeidere mv.","Sum alle sektorer","Begge kjønn","I alt",39440
"Median","4221 Reisebyråmedarbeidere mv.","Sum alle sektorer","Begge kjønn","I alt",37500
"Median","4222 Kundesentermedarbeidere","Sum alle sektorer","Begge kjønn","I alt",36820
"Median","4223 Sentralbordoperatører","Sum alle sektorer","Begge kjønn","I alt",36120
"Median","4224 Hotellresepsjonister","Sum alle sektorer","Begge kjønn","I alt",30000
"Median","4225 Informasjonsskrankemedarbeidere","Sum alle sektorer","Begge kjønn","I alt",37830
"Median","4226 Resepsjonister (ekskl. hotell)","Sum alle sektorer","Begge kjønn","I alt",35090
"Median","4227 Intervjuere","Sum alle sektorer","Begge kjønn","I alt",27190
"Median","4229 Andre opplysningsmedarbeidere","Sum alle sektorer","Begge kjønn","I alt",37580
"Median","4311 Regnskapsmedarbeidere","Sum alle sektorer","Begge kjønn","I alt",42500
"Median","4312 Forsikrings- og finansmedarbeidere","Sum alle sektorer","Begge kjønn","I alt",42620
"Median","4313 Lønningsmedarbeidere","Sum alle sektorer","Begge kjønn","I alt",44250
"Median","4321 Lagermedarbeidere og material-forvaltere","Sum alle sektorer","Begge kjønn","I alt",38000
"Median","4322 Logistikkmedarbeidere","Sum alle sektorer","Begge kjønn","I alt",43440
"Median","4323 Transportfunksjonærer","Sum alle sektorer","Begge kjønn","I alt",42480
"Median","4411 Bibliotekassistenter","Sum alle sektorer","Begge kjønn","I alt",36480
"Median","4412 Postbud og postsorterere","Sum alle sektorer","Begge kjønn","I alt",36150
"Median","4413 Kodere mv.","Sum alle sektorer","Begge kjønn","I alt",:
"Median","4415 Arkivassistenter","Sum alle sektorer","Begge kjønn","I alt",40220
"Median","4416 Personalkontormedarbeidere","Sum alle sektorer","Begge kjønn","I alt",45830
"Median","5111 Flyverter, båtverter mv.","Sum alle sektorer","Begge kjønn","I alt",37280
"Median","5112 Konduktører","Sum alle sektorer","Begge kjønn","I alt",51810
"Median","5113 Reiseledere og guider","Sum alle sektorer","Begge kjønn","I alt",30730
"Median","5120 Kokker","Sum alle sektorer","Begge kjønn","I alt",32500
"Median","5131 Servitører","Sum alle sektorer","Begge kjønn","I alt",29230
"Median","5132 Bartendere","Sum alle sektorer","Begge kjønn","I alt",28850
"Median","5141 Frisører","Sum alle sektorer","Begge kjønn","I alt",30000
"Median","5142 Kosmetologer mv.","Sum alle sektorer","Begge kjønn","I alt",31660
"Median","5151 Renholdsledere i virksomheter","Sum alle sektorer","Begge kjønn","I alt",37200
"Median","5152 Husholdere","Sum alle sektorer","Begge kjønn","I alt",39120
"Median","5153 Vaktmestre","Sum alle sektorer","Begge kjønn","I alt",37250
"Median","5161 Astrologer mv.","Sum alle sektorer","Begge kjønn","I alt",:
"Median","5163 Begravelsesbyrå- og krematoriearbeidere","Sum alle sektorer","Begge kjønn","I alt",42590
"Median","5164 Dyrepassere og - trenere mv.","Sum alle sektorer","Begge kjønn","I alt",29230
"Median","5165 Kjøreskolelærere","Sum alle sektorer","Begge kjønn","I alt",42260
"Median","5169 Andre personlige tjenesteytere","Sum alle sektorer","Begge kjønn","I alt",37650
"Median","5211 Torghandlere","Sum alle sektorer","Begge kjønn","I alt",40200
"Median","5212 Gateselgere, mat","Sum alle sektorer","Begge kjønn","I alt",25730
"Median","5221 Innehavere av kiosk/liten butikk","Sum alle sektorer","Begge kjønn","I alt",35000
"Median","5222 Butikkavdelingssjefer","Sum alle sektorer","Begge kjønn","I alt",37690
"Median","5223 Butikkmedarbeidere","Sum alle sektorer","Begge kjønn","I alt",32310
"Median","5230 Billettselgere","Sum alle sektorer","Begge kjønn","I alt",38470
"Median","5241 Mannekenger og modeller","Sum alle sektorer","Begge kjønn","I alt",:
"Median","5242 Demonstrasjonsselgere","Sum alle sektorer","Begge kjønn","I alt",35560
"Median","5243 Dørselgere","Sum alle sektorer","Begge kjønn","I alt",35830
"Median","5244 Telefon- og nettselgere","Sum alle sektorer","Begge kjønn","I alt",35720
"Median","5245 Servicemedarbeidere (bensinstasjon)","Sum alle sektorer","Begge kjønn","I alt",29240
"Median","5246 Gatekjøkken- og kafémedarbeidere mv.","Sum alle sektorer","Begge kjønn","I alt",29230
"Median","5249 Andre salgsmedarbeidere","Sum alle sektorer","Begge kjønn","I alt",35860
"Median","5311 Barnehage- og skolefritidsassistenter mv.","Sum alle sektorer","Begge kjønn","I alt",33760
"Median","5312 Skoleassistenter","Sum alle sektorer","Begge kjønn","I alt",33760
"Median","5321 Helsefagarbeidere","Sum alle sektorer","Begge kjønn","I alt",41650
"Median","5322 Hjemmehjelper","Sum alle sektorer","Begge kjønn","I alt",34000
"Median","5329 Andre pleiemedarbeidere","Sum alle sektorer","Begge kjønn","I alt",34850
"Median","5411 Brannkonstabler","Sum alle sektorer","Begge kjønn","I alt",49150
"Median","5413 Fengselsbetjenter","Sum alle sektorer","Begge kjønn","I alt",43570
"Median","5414 Vektere","Sum alle sektorer","Begge kjønn","I alt",34950
"Median","5419 Andre sikkerhetsarbeidere","Sum alle sektorer","Begge kjønn","I alt",32050
"Median","6111 Korn- og grønnsaksprodusenter","Sum alle sektorer","Begge kjønn","I alt",30090
"Median","6112 Frukt- og bærprodusenter","Sum alle sektorer","Begge kjønn","I alt",:
"Median","6113 Gartnere","Sum alle sektorer","Begge kjønn","I alt",32730
"Median","6114 Kombinasjonsbrukere, nyttevekster","Sum alle sektorer","Begge kjønn","I alt",.
"Median","6121 Melke- og husdyrprodusenter","Sum alle sektorer","Begge kjønn","I alt",29230
"Median","6122 Egg- og fjærfeprodusenter","Sum alle sektorer","Begge kjønn","I alt",30040
"Median","6123 Birøktere mv.","Sum alle sektorer","Begge kjønn","I alt",:
"Median","6129 Andre dyreoppdrettere og røktere","Sum alle sektorer","Begge kjønn","I alt",:
"Median","6130 Plante- og husdyrprodusenter (kombinasjonsbruk)","Sum alle sektorer","Begge kjønn","I alt",27930
"Median","6210 Skogbrukere","Sum alle sektorer","Begge kjønn","I alt",33290
"Median","6221 Havbruksarbeidere","Sum alle sektorer","Begge kjønn","I alt",44410
"Median","6222 Fiskere","Sum alle sektorer","Begge kjønn","I alt",35000
"Median","6224 Fangstfolk","Sum alle sektorer","Begge kjønn","I alt",34640
"Median","7112 Murere","Sum alle sektorer","Begge kjønn","I alt",37680
"Median","7113 Steinhoggere mv.","Sum alle sektorer","Begge kjønn","I alt",37970
"Median","7114 Betongarbeidere","Sum alle sektorer","Begge kjønn","I alt",40250
"Median","7115 Tømrere og snekkere","Sum alle sektorer","Begge kjønn","I alt",36530
"Median","7119 Andre bygningsarbeidere","Sum alle sektorer","Begge kjønn","I alt",35970
"Median","7121 Taktekkere","Sum alle sektorer","Begge kjønn","I alt",37560
"Median","7122 Gulv- og flisleggere","Sum alle sektorer","Begge kjønn","I alt",36530
"Median","7123 Gips- og sparklingsarbeidere","Sum alle sektorer","Begge kjønn","I alt",:
"Median","7124 Isolatører mv.","Sum alle sektorer","Begge kjønn","I alt",38350
"Median","7125 Glassarbeidere","Sum alle sektorer","Begge kjønn","I alt",36790
"Median","7126 Rørleggere og VVS-montører","Sum alle sektorer","Begge kjønn","I alt",41930
"Median","7127 Kuldemontører mv.","Sum alle sektorer","Begge kjønn","I alt",45580
"Median","7131 Malere og byggtapetserere","Sum alle sektorer","Begge kjønn","I alt",35720
"Median","7132 Overflatebehandlere og lakkerere","Sum alle sektorer","Begge kjønn","I alt",37920
"Median","7133 Feiere, fasaderenholdere mv.","Sum alle sektorer","Begge kjønn","I alt",37510
"Median","7211 Støpere","Sum alle sektorer","Begge kjønn","I alt",37630
"Median","7212 Sveisere","Sum alle sektorer","Begge kjønn","I alt",38520
"Median","7213 Kopper- og blikkenslagere","Sum alle sektorer","Begge kjønn","I alt",38740
"Median","7214 Platearbeidere","Sum alle sektorer","Begge kjønn","I alt",37480
"Median","7215 Riggere og spleisere","Sum alle sektorer","Begge kjønn","I alt",40720
"Median","7221 Smeder","Sum alle sektorer","Begge kjønn","I alt",38180
"Median","7222 Verktøymaker, låsesmeder mv.","Sum alle sektorer","Begge kjønn","I alt",40650
"Median","7223 Metalldreiere mv.","Sum alle sektorer","Begge kjønn","I alt",38700
"Median","7224 Metallslipere","Sum alle sektorer","Begge kjønn","I alt",:
"Median","7231 Bilmekanikere","Sum alle sektorer","Begge kjønn","I alt",38160
"Median","7232 Mekanikere innen flytekniske fag","Sum alle sektorer","Begge kjønn","I alt",50870
"Median","7233 Anleggsmaskin- og industrimekanikere","Sum alle sektorer","Begge kjønn","I alt",40950
"Median","7234 Sykkelreparatører mv.","Sum alle sektorer","Begge kjønn","I alt",31000
"Median","7311 Presisjonsinstrumentmakere og -reparatører","Sum alle sektorer","Begge kjønn","I alt",41330
"Median","7312 Musikkinstrumentmakere og -stemmere","Sum alle sektorer","Begge kjønn","I alt",:
"Median","7313 Gull- og sølvsmeder, gravører mv.","Sum alle sektorer","Begge kjønn","I alt",37250
"Median","7314 Keramikere mv.","Sum alle sektorer","Begge kjønn","I alt",:
"Median","7315 Glasshåndverkere","Sum alle sektorer","Begge kjønn","I alt",:
"Median","7316 Dekormalere mv.","Sum alle sektorer","Begge kjønn","I alt",:
"Median","7317 Kunsthåndverkere i tre mv.","Sum alle sektorer","Begge kjønn","I alt",:
"Median","7318 Vevere, strikkere mv. (innen husflidsproduksjon)","Sum alle sektorer","Begge kjønn","I alt",33980
"Median","7319 Andre kunsthåndverkere","Sum alle sektorer","Begge kjønn","I alt",34880
"Median","7321 Førtrykkere","Sum alle sektorer","Begge kjønn","I alt",38750
"Median","7322 Trykkere","Sum alle sektorer","Begge kjønn","I alt",36560
"Median","7323 Innbindere mv.","Sum alle sektorer","Begge kjønn","I alt",33330
"Median","7411 Elektrikere","Sum alle sektorer","Begge kjønn","I alt",42690
"Median","7412 Automatikere","Sum alle sektorer","Begge kjønn","I alt",46340
"Median","7413 Energimontører","Sum alle sektorer","Begge kjønn","I alt",44680
"Median","7421 Serviceelektronikere","Sum alle sektorer","Begge kjønn","I alt",39610
"Median","7422 Tele- og IKT-installatører","Sum alle sektorer","Begge kjønn","I alt",38620
"Median","7511 Slaktere, fiskehandlere mv.","Sum alle sektorer","Begge kjønn","I alt",33640
"Median","7512 Bakere, konditorer mv.","Sum alle sektorer","Begge kjønn","I alt",34510
"Median","7513 Ystere mv. (gårdsproduksjon)","Sum alle sektorer","Begge kjønn","I alt",:
"Median","7514 Saftere, syltere mv. (gårdsproduksjon)","Sum alle sektorer","Begge kjønn","I alt",:
"Median","7515 Prøvesmakere og kvalitetsbedømmere av mat og drikke","Sum alle sektorer","Begge kjønn","I alt",:
"Median","7522 Møbelsnekkere","Sum alle sektorer","Begge kjønn","I alt",34910
"Median","7531 Skreddere, buntmakere mv.","Sum alle sektorer","Begge kjønn","I alt",38690
"Median","7532 Gradører","Sum alle sektorer","Begge kjønn","I alt",:
"Median","7534 Møbeltapetserere mv.","Sum alle sektorer","Begge kjønn","I alt",38160
"Median","7535 Skinnberedere og garvere","Sum alle sektorer","Begge kjønn","I alt",40600
"Median","7536 Skomakere","Sum alle sektorer","Begge kjønn","I alt",:
"Median","7541 Yrkesdykkere","Sum alle sektorer","Begge kjønn","I alt",45780
"Median","7542 Skytebaser og sprengningsarbeidere","Sum alle sektorer","Begge kjønn","I alt",54840
"Median","7543 Produkttestere (ikke matprodukter)","Sum alle sektorer","Begge kjønn","I alt",:
"Median","7544 Desinfeksjonsarbeidere og skadedyrbekjempere","Sum alle sektorer","Begge kjønn","I alt",38070
"Median","7549 Andre håndverkere","Sum alle sektorer","Begge kjønn","I alt",32740
"Median","8111 Bergfagarbeidere","Sum alle sektorer","Begge kjønn","I alt",42000
"Median","8112 Prosessoperatører (oppredning)","Sum alle sektorer","Begge kjønn","I alt",45850
"Median","8113 Operatører innen boring mv.","Sum alle sektorer","Begge kjønn","I alt",62420
"Median","8114 Operatører innen produksjon av betong mv.","Sum alle sektorer","Begge kjønn","I alt",37510
"Median","8121 Operatører innen metallurgiske prosessfag","Sum alle sektorer","Begge kjønn","I alt",38200
"Median","8122 Operatører innen metallflatebehandling","Sum alle sektorer","Begge kjønn","I alt",.
"Median","8131 Operatører innen kjemisk industri","Sum alle sektorer","Begge kjønn","I alt",44830
"Median","8132 Operatører innen produksjon av fotofilm og -papir mv.","Sum alle sektorer","Begge kjønn","I alt",:
"Median","8141 Operatører innen produksjon av gummiprodukter","Sum alle sektorer","Begge kjønn","I alt",35750
"Median","8142 Operatører innen plastprodukter","Sum alle sektorer","Begge kjønn","I alt",36130
"Median","8143 Operatører innen papirprodukter","Sum alle sektorer","Begge kjønn","I alt",35050
"Median","8151 Spinne- og nøstemaskinoperatører","Sum alle sektorer","Begge kjønn","I alt",33660
"Median","8152 Operatører innen tekstilproduksjon mv.","Sum alle sektorer","Begge kjønn","I alt",35190
"Median","8153 Industrisyere","Sum alle sektorer","Begge kjønn","I alt",32960
"Median","8154 Operatører innen tekstilbearbeiding","Sum alle sektorer","Begge kjønn","I alt",:
"Median","8155 Operatører innen pels, skinn- og lærbearbeiding","Sum alle sektorer","Begge kjønn","I alt",.
"Median","8156 Operatører innen skinn og lærprodukter","Sum alle sektorer","Begge kjønn","I alt",:
"Median","8157 Renseri- og vaskerimaskinoperatører","Sum alle sektorer","Begge kjønn","I alt",32690
"Median","8159 Andre operatører innen produksjon av tekstiler, pels, skinn og lær","Sum alle sektorer","Begge kjønn","I alt",.
"Median","8160 Operatører innen næringsmiddelproduksjon","Sum alle sektorer","Begge kjønn","I alt",34820
"Median","8171 Operatører innen treforedling","Sum alle sektorer","Begge kjønn","I alt",35520
"Median","8172 Operatører innen trelastproduksjon","Sum alle sektorer","Begge kjønn","I alt",34500
"Median","8181 Operatører innen glass- og keramisk produksjon","Sum alle sektorer","Begge kjønn","I alt",35450
"Median","8182 Fyrkjele- og turbinoperatører","Sum alle sektorer","Begge kjønn","I alt",42300
"Median","8183 Pakke-, tappe- og etikettmaskinoperatører","Sum alle sektorer","Begge kjønn","I alt",40150
"Median","8189 Andre stasjonære maskinoperatører","Sum alle sektorer","Begge kjønn","I alt",.
"Median","8211 Montører av mekaniske produkter","Sum alle sektorer","Begge kjønn","I alt",37040
"Median","8212 Montører av elektriske og elektroniske produkter","Sum alle sektorer","Begge kjønn","I alt",38710
"Median","8219 Andre montører","Sum alle sektorer","Begge kjønn","I alt",:
"Median","8311 Lokomotiv og T-baneførere","Sum alle sektorer","Begge kjønn","I alt",59770
"Median","8312 Skiftekonduktører mv","Sum alle sektorer","Begge kjønn","I alt",49670
"Median","8322 Bil-, drosje- og varebilførere","Sum alle sektorer","Begge kjønn","I alt",33290
"Median","8331 Bussjåfører og trikkeførere","Sum alle sektorer","Begge kjønn","I alt",36530
"Median","8332 Lastebil- og trailersjåfører","Sum alle sektorer","Begge kjønn","I alt",36690
"Median","8341 Jordbruks- og skogbruksmaskinførere","Sum alle sektorer","Begge kjønn","I alt",35720
"Median","8342 Anleggsmaskinførere","Sum alle sektorer","Begge kjønn","I alt",40500
"Median","8343 Kran- og heisførere mv.","Sum alle sektorer","Begge kjønn","I alt",42360
"Median","8344 Truckførere","Sum alle sektorer","Begge kjønn","I alt",36550
"Median","8350 Dekks- og maskinmannskap (skip)","Sum alle sektorer","Begge kjønn","I alt",44810
"Median","9111 Renholdere i private hjem","Sum alle sektorer","Begge kjønn","I alt",30530
"Median","9112 Renholdere i virksomheter","Sum alle sektorer","Begge kjønn","I alt",32480
"Median","9122 Bilvaskere","Sum alle sektorer","Begge kjønn","I alt",31110
"Median","9123 Vinduspussere","Sum alle sektorer","Begge kjønn","I alt",:
"Median","9129 Andre rengjørere","Sum alle sektorer","Begge kjønn","I alt",:
"Median","9211 Hjelpearbeidere i nyttevekstproduksjon","Sum alle sektorer","Begge kjønn","I alt",23230
"Median","9212 Hjelpearbeidere i husdyrproduksjon","Sum alle sektorer","Begge kjønn","I alt",25000
"Median","9213 Hjelpearbeidere i kombinasjonsbruk","Sum alle sektorer","Begge kjønn","I alt",26900
"Median","9214 Hjelpearbeidere i gartneri mv.","Sum alle sektorer","Begge kjønn","I alt",32390
"Median","9215 Hjelpearbeidere i skogbruk","Sum alle sektorer","Begge kjønn","I alt",:
"Median","9216 Hjelpearbeidere innen havbruk","Sum alle sektorer","Begge kjønn","I alt",:
"Median","9311 Hjelpearbeidere i bergverk","Sum alle sektorer","Begge kjønn","I alt",:
"Median","9312 Hjelpearbeidere i anlegg","Sum alle sektorer","Begge kjønn","I alt",36860
"Median","9313 Hjelpearbeidere i bygg","Sum alle sektorer","Begge kjønn","I alt",33210
"Median","9321 Håndpakkere mv.","Sum alle sektorer","Begge kjønn","I alt",34130
"Median","9329 Andre hjelpearbeidere i industri","Sum alle sektorer","Begge kjønn","I alt",35500
"Median","9331 Førere av ikke-motorisert kjøretøy","Sum alle sektorer","Begge kjønn","I alt",.
"Median","9333 Laste- og lossearbeidere","Sum alle sektorer","Begge kjønn","I alt",34880
"Median","9334 Varepåfyllere","Sum alle sektorer","Begge kjønn","I alt",31510
"Median","9412 Kjøkkenassistenter","Sum alle sektorer","Begge kjønn","I alt",29530
"Median","9510 Reklamedistributører mv.","Sum alle sektorer","Begge kjønn","I alt",34500
"Median","9611 Renovasjonsarbeidere","Sum alle sektorer","Begge kjønn","I alt",35490
"Median","9612 Gjenvinningsarbeidere","Sum alle sektorer","Begge kjønn","I alt",34210
"Median","9613 Gatefeiere mv.","Sum alle sektorer","Begge kjønn","I alt",:
"Median","9621 Bud mv.","Sum alle sektorer","Begge kjønn","I alt",31230
"Median","9622 Altmuligmann","Sum alle sektorer","Begge kjønn","I alt",32480
"Median","9623 Måleravlesere mv.","Sum alle sektorer","Begge kjønn","I alt",34250
"Median","9629 Andre hjelpearbeidere","Sum alle sektorer","Begge kjønn","I alt",29550
